Altitude (m),Temperature (deg C),Gravity (m/s2),Pressure (N/m2),Density (kg/m3),Dynamic Viscosity (N*s/m2)
-1000,21.501022693409425,9.809736149325397,113931.14153142163,1.347015529416289,1.8205798016522562e-05
-900,20.8508283686283,9.809427468840987,112615.96544287007,1.3344107036528894,1.8174744679502374e-05
-800,20.200654503186456,9.809118802926106,111313.15057126786,1.3218967053462942,1.814365908107642e-05
-700,19.55050109611824,9.80881015157983,110022.60727226471,1.3094730754543835,1.8112541137581737e-05
-600,18.900368146458106,9.80850151480125,108744.24635955643,1.2971393562729392,1.808139076505795e-05
-500,18.25025565324046,9.80819289258945,107477.97910351606,1.284895091434529,1.805020787924614e-05
-400,17.60016361549981,9.807884284943505,106223.71722982578,1.272739825907384,1.8018992395587845e-05
-300,16.95009203227079,9.807575691862503,104981.3729181105,1.26067310599428,1.7987744229223956e-05
-200,16.300040902587966,9.807267113345532,103750.85880057293,1.248694479331421,1.795646329499367e-05
-100,15.650010225486142,9.80695854939167,102532.08796062933,1.2368034948873121,1.7925149507433423e-05
0,15.0,9.80665,101325.0,1.225000018124288,1.789380278077583e-05
100,14.350010225164397,9.806341465169606,100129.4564559529,1.213282967332296,1.7862423028948615e-05
200,13.700040900014244,9.806032944899576,98945.39813636741,1.2016522136693806,1.783101016557355e-05
300,13.050092023584455,9.805724439188989,97772.73991588074,1.190107311421926,1.7799564103965406e-05
400,12.400163594910055,9.805415948036933,96611.39711354447,1.1786478162030058,1.7768084757130893e-05
500,11.750255613026127,9.805107471442486,95461.28549146843,1.1672732849512553,1.773657203776756e-05
600,11.100368076967698,9.804799009404743,94322.32125346604,1.155983275929745,1.7705025858262808e-05
700,10.450500985770134,9.804490561922774,93194.42104370127,1.1447773487248578,1.7673446130692767e-05
800,9.800654338468519,9.804182128995675,92077.5019453362,1.133655064245156,1.7641832766821284e-05
900,9.150828134098276,9.803873710622524,90971.48147918055,1.1226159847202537,1.761018567809884e-05
1000,8.501022371694717,9.803565306802405,89876.27760234232,1.1116596736996904,1.7578504775661537e-05
1100,7.851237050293264,9.803256917534405,88791.80870687953,1.1007856960517965,1.7546789970329986e-05
1200,7.201472168929513,9.80294854281761,87717.99361845355,1.0899936179625638,1.7515041172608333e-05
1300,6.551727726638887,9.8026401826511,86654.75159498386,1.0792830069345156,1.7483258292683145e-05
1400,5.902003722457096,9.802331837033964,85602.00232530352,1.0686534317855694,1.7451441240422417e-05
1500,5.252300155419732,9.802023505965284,84559.66592781676,1.0581044626479077,1.7419589925374498e-05
1600,4.602617024562619,9.801715189444145,83527.66294915731,1.0476356709668406,1.7387704256767078e-05
1700,3.9529543289214644,9.801406887469634,82505.91436284829,1.037246629499673,1.7355784143506125e-05
1800,3.303312067532204,9.801098600040833,81494.34156796329,1.0269369123145644,1.7323829494174862e-05
1900,2.6536902394307162,9.800790327156827,80492.86638778904,1.0167060947893976,1.7291840217032767e-05
2000,2.004088843652994,9.800482068816706,79501.41106848906,1.0065537536106361,1.7259816220014498e-05
2100,1.3545078792350864,9.800173825019547,78519.8982777689,0.9964794667721881,1.7227757410728885e-05
2200,0.7049473452130428,9.799865595764443,77548.25110354248,0.9864828135742655,1.719566369645794e-05
2300,0.055407240623083,9.799557381050475,76586.3930526,0.9765633746222444,1.7163534984155817e-05
2400,-0.59411243549863,9.799249180876728,75634.24804927697,0.9667207318255236,1.713137118044778e-05
2500,-1.2436116841157627,9.798940995242289,74691.7404341246,0.9569544683963819,1.7099172191629248e-05
2600,-1.8930905061919816,9.798632824146244,73758.79496258181,0.9472641688488376,1.706693792366473e-05
2700,-2.5425489026908963,9.798324667587677,72835.33680364798,0.9376494189975008,1.70346682821869e-05
2800,-3.1919868745760596,9.798016525565675,71921.29153855749,0.9281098059564304,1.7002363172495523e-05
2900,-3.8414044228109105,9.797708398079324,71016.58515945572,0.9186449181379917,1.6970022499556534e-05
3000,-4.4908015483588315,9.797400285127708,70121.14406807562,0.9092543452517026,1.693764616800102e-05
3100,-5.140178252183318,9.797092186709913,69234.89507441659,0.8999376783030939,1.6905234082124247e-05
3200,-5.789534535247526,9.796784102825026,68357.76539542398,0.890694509592556,1.6872786145884702e-05
3300,-6.438870398514723,9.796476033472134,67489.6826536701,0.8815244327141907,1.6840302262903114e-05
3400,-7.088185842948121,9.79616797865032,66630.57487603687,0.8724270425546635,1.680778233646149e-05
3500,-7.737480869510819,9.795859938358673,65780.37049239926,0.8634019352920483,1.6775226269502193e-05
3600,-8.3867554791658,9.795551912596279,64938.99833431051,0.8544487083946785,1.674263396462696e-05
3700,-9.036009672876162,9.795243901362221,64106.387633688544,0.8455669606199945,1.6710005324095973e-05
3800,-9.685243451604777,9.79493590465559,63282.468021503584,0.8367562920133867,1.667734024982694e-05
3900,-10.334456816314514,9.794627922475469,62467.169526467325,0.828016303907044,1.664463864339418e-05
4000,-10.983649767968188,9.794319954820946,61660.422573723285,0.8193465989187958,1.661190040602766e-05
4100,-11.632822307528556,9.794012001691106,60862.15798353854,0.8107467809509571,1.6579125438612143e-05
4200,-12.281974435958318,9.793704063085038,60072.306969996804,0.8022164551891692,1.6546313641686255e-05
4300,-12.93110615422006,9.793396139001826,59290.80113969286,0.7937552281012423,1.65134649154416e-05
4400,-13.58021746327637,9.79308822944056,58517.57249042827,0.7853627074359957,1.6480579159721888e-05
4500,-14.229308364089775,9.792780334400327,57752.55340990853,0.7770385022220971,1.644765627402206e-05
4600,-14.878378857622693,9.792472453880212,56995.67667444137,0.7687822227669007,1.6414696157487412e-05
4700,-15.527428944837538,9.792164587879299,56246.87544763669,0.7605934806552859,1.638169870891276e-05
4800,-16.176458626696615,9.791856736396678,55506.08327910756,0.7524718887484922,1.63486638267416e-05
4900,-16.825467904162224,9.791548899431438,54773.234103172676,0.7444170611829566,1.631559140906525e-05
5000,-17.474456778196497,9.791241076982665,54048.26223756018,0.7364286133691456,1.628248135362207e-05
5100,-18.123425249761624,9.790933269049447,53331.10238211286,0.7285061619903924,1.6249333557796614e-05
5200,-18.77237331981968,9.790625475630867,52621.689617494536,0.7206493250017265,1.6216147918618867e-05
5300,-19.421300989332707,9.790317696726019,51919.95940389785,0.7128577216287052,1.6182924332763435e-05
5400,-20.070208259262643,9.790009932333986,51225.8475797536,0.705130972366246,1.614966269654878e-05
5500,-20.71909513057139,9.789702182453857,50539.29036044117,0.6974686989774549,1.611636290593648e-05
5600,-21.367961604220824,9.789394447084717,49860.22433700034,0.6898705244924549,1.6083024856530447e-05
5700,-22.01680768117268,9.789086726225657,49188.58647484458,0.682336073207213,1.6049648443576227e-05
5800,-22.66563336238869,9.788779019875767,48524.314112475615,0.6748649706823678,1.6016233561960283e-05
5900,-23.31443864883053,9.788471328034131,47867.344960199305,0.6674568437420543,1.5982780106209255e-05
6000,-23.963223541459797,9.788163650699834,47217.617098842886,0.6601113204727267,1.5949287970489315e-05
6100,-24.61198804123802,9.787855987871971,46575.0689784737,0.6528280302219845,1.591575704860547e-05
6200,-25.26073214912668,9.787548339549627,45939.63941711896,0.6456066035973915,1.5882187234000925e-05
6300,-25.9094558660872,9.787240705731888,45311.267599487284,0.6384466724652993,1.584857841975643e-05
6400,-26.55815919308094,9.786933086417847,44689.89307569122,0.6313478699496659,1.5814930498589633e-05
6500,-27.206842131069152,9.786625481606587,44075.45575997132,0.6243098304308746,1.578124336285454e-05
6600,-27.855504681013173,9.7863178912972,43467.8959294216,0.6173321895445536,1.5747516904540865e-05
6700,-28.504146843874082,9.786010315488774,42867.15422271612,0.6104145841803903,1.571375101527349e-05
6800,-29.152768620613017,9.785702754180393,42273.17163883716,0.6035566524809474,1.567994558631192e-05
6900,-29.801370012191086,9.785395207371154,41685.88953580474,0.5967580338404794,1.5646100508549728e-05
7000,-30.449951019569227,9.785087675060138,41105.24962940734,0.5900183689037439,1.561221567251407e-05
7100,-31.098511643708406,9.78478015724644,40531.193991934044,0.5833372995648134,1.5578290968365195e-05
7200,-31.747051885569476,9.784472653929141,39963.66505090822,0.5767144689658894,1.5544326285895955e-05
7300,-32.39557174611326,9.784165165107337,39402.605587822196,0.5701495214961084,1.551032151453138e-05
7400,-33.0440712263005,9.783857690780113,38847.95873687374,0.563642102790355,1.547627654332825e-05
7500,-33.69255032709191,9.783550230946561,38299.66798370353,0.5571918597280658,1.5442191260974684e-05
7600,-34.34100904944813,9.78324278560577,37757.67716413411,0.550798440432038,1.540806555578978e-05
7700,-34.989447394329716,9.782935354756825,37221.93046291039,0.5444614942672344,1.5373899315723246e-05
7800,-35.63786536269714,9.782627938398818,36692.372412441175,0.5381806718395871,1.5339692428355098e-05
7900,-36.28626295551095,9.78232053653084,36168.947891542426,0.5319556249948024,1.5305444780895325e-05
8000,-36.93464017373145,9.782013149151975,35651.602124181474,0.5257860068171589,1.5271156260183636e-05
8100,-37.58299701831902,9.781705776261319,35140.28067822311,0.5196714716283131,1.523682675268921e-05
8200,-38.23133349023388,9.781398417857957,34634.92946417647,0.5136116749860935,1.5202456144510469e-05
8300,-38.87964959043629,9.78109107394098,34135.49473394384,0.5076062736833035,1.5168044321374895e-05
8400,-39.527945319886385,9.780783744509478,33641.92307957041,0.501654925746516,1.5133591168638865e-05
8500,-40.17622067954426,9.78047642956254,33154.161431995664,0.4957572904348695,1.5099096571287509e-05
8600,-40.824475670369935,9.780169129099257,32672.15705980598,0.489913028238863,1.5064560413934625e-05
8700,-41.47271029332336,9.779861843118718,32195.857567988733,0.4841218008791498,1.5029982580822612e-05
8800,-42.1209245493645,9.779554571620011,31725.210896687604,0.4783832713053279,1.499536295582241e-05
8900,-42.76911843945314,9.77924731460223,31260.165319959546,0.47269710369473367,1.4960701422433513e-05
9000,-43.41729196454912,9.778940072064461,30800.669444532756,0.46706296345122866,1.492599786378401e-05
9100,-44.06544512561214,9.7786328440058,30346.672208566357,0.46148051720398975,1.489125216263063e-05
9200,-44.71357792360186,9.778325630425332,29898.122880411272,0.45594943280629574,1.4856464201358862e-05
9300,-45.361690359477905,9.778018431322149,29454.9710573725,0.45046937933431264,1.4821633861983073e-05
9400,-46.00978243419979,9.77771124669534,29017.16666447287,0.44504002708587903,1.4786761026146727e-05
9500,-46.65785414872704,9.777404076543997,28584.659953218026,0.43966104757928887,1.4751845575122538e-05
9600,-47.30590550401908,9.77709692086721,28157.401500362932,0.43433211355207313,1.4716887389812803e-05
9700,-47.95393650103526,9.77678977966407,27735.342206679703,0.4290528989597814,1.4681886350749626e-05
9800,-48.60194714073489,9.776482652933666,27318.433295726787,0.4238230789747601,1.4646842338095307e-05
9900,-49.24993742407722,9.77617554067509,26906.62631261954,0.4186423299849304,1.4611755231642708e-05
10000,-49.897907352021406,9.775868442887434,26499.87312280235,0.4135103295925664,1.4576624910815678e-05
10100,-50.54585692552661,9.775561359569787,26098.125910821862,0.4084267566130689,1.4541451254669523e-05
10200,-51.19378614555188,9.775254290721243,25701.33717910179,0.4033912910737392,1.4506234141891537e-05
10300,-51.84169501305624,9.774947236340887,25309.459746719138,0.3984036142125536,1.4470973450801558e-05
10400,-52.48958352899862,9.774640196427816,24922.446748181635,0.393463408476932,1.4435669059352578e-05
10500,-53.13745169433787,9.77433317098112,24540.25163220681,0.38857035752251046,1.4400320845131419e-05
10600,-53.78529951003287,9.774026159999886,24162.828160502188,0.3837241462119074,1.4364928685359437e-05
10700,-54.43312697704235,9.773719163483209,23790.130406547058,0.37892446061349133,1.4329492456893318e-05
10800,-55.080934096325024,9.773412181430182,23422.11275437568,0.3741709880001478,1.429401203622586e-05
10900,-55.72872086883953,9.773105213839893,23058.72989736171,0.36946341684804224,1.4258487299486874e-05
11000,-56.37648729554445,9.772798260711433,22699.93683700412,0.36480143683538285,1.4222918122444123e-05
11100,-56.49999999999997,9.772491322043898,22345.993679616364,0.3593180919723216,1.4216130796413357e-05
11200,-56.49999999999997,9.772184397836375,21997.600339616893,0.3537160126027805,1.4216130796413357e-05
11300,-56.49999999999997,9.77187748808796,21654.649439559744,0.3482014463312823,1.4216130796413357e-05
11400,-56.49999999999997,9.77157059279774,21317.055793390267,0.34277302338698307,1.4216130796413357e-05
11500,-56.49999999999997,9.77126371196481,20984.735551008904,0.3374293954808688,1.4216130796413357e-05
11600,-56.49999999999997,9.770956845588262,20657.606177278878,0.3321692354682042,1.4216130796413357e-05
11700,-56.49999999999997,9.770649993667186,20335.586431364325,0.3269912370162949,1.4216130796413357e-05
11800,-56.49999999999997,9.770343156200676,20018.596346393708,0.32189411427748,1.4216130796413357e-05
11900,-56.49999999999997,9.770036333187825,19706.557209443457,0.3168766015672742,1.4216130796413357e-05
12000,-56.49999999999997,9.769729524627722,19399.391541836598,0.31193745304757425,1.4216130796413357e-05
12100,-56.49999999999997,9.769422730519464,19097.023079751652,0.3070754424148552,1.4216130796413357e-05
12200,-56.49999999999997,9.769115950862135,18799.376755136673,0.3022893625932724,1.4216130796413357e-05
12300,-56.49999999999997,9.768809185654838,18506.378676923778,0.2975780254325961,1.4216130796413357e-05
12400,-56.49999999999997,9.768502434896657,18217.956112539363,0.2929402614109,1.4216130796413357e-05
12500,-56.49999999999997,9.76819569858669,17934.037469705305,0.2883749193419294,1.4216130796413357e-05
12600,-56.49999999999997,9.767888976724027,17654.552278526666,0.2838808660870753,1.4216130796413357e-05
12700,-56.49999999999997,9.767582269307761,17379.43117386129,0.27945698627188253,1.4216130796413357e-05
12800,-56.49999999999997,9.767275576336983,17108.605877966853,0.275102182007018,1.4216130796413357e-05
12900,-56.49999999999997,9.766968897810793,16842.009183421047,0.2708153726136319,1.4216130796413357e-05
13000,-56.49999999999997,9.766662233728276,16579.574936310582,0.26659549435304053,1.4216130796413357e-05
13100,-56.49999999999997,9.766355584088528,16321.23801968467,0.2624415001606628,1.4216130796413357e-05
13200,-56.49999999999997,9.766048948890642,16066.934337268958,0.25835235938414414,1.4216130796413357e-05
13300,-56.49999999999997,9.76574232813371,15816.600797435725,0.2543270575256009,1.4216130796413357e-05
13400,-56.49999999999997,9.765435721816829,15570.175297426293,0.25036459598792116,1.4216130796413357e-05
13500,-56.49999999999997,9.765129129939087,15327.596707821736,0.24646399182505707,1.4216130796413357e-05
13600,-56.49999999999997,9.764822552499579,15088.804857257934,0.24262427749624688,1.4216130796413357e-05
13700,-56.49999999999997,9.764515989497403,14853.740517381075,0.23884450062410303,1.4216130796413357e-05
13800,-56.49999999999997,9.764209440931648,14622.345388039928,0.23512372375650764,1.4216130796413357e-05
13900,-56.49999999999997,9.763902906801407,14394.562082711042,0.23146102413225314,1.4216130796413357e-05
14000,-56.49999999999997,9.763596387105776,14170.334114153266,0.22785549345037062,1.4216130796413357e-05
14100,-56.49999999999997,9.76328988184385,13949.605880287954,0.22430623764308688,1.4216130796413357e-05
14200,-56.49999999999997,9.762983391014718,13732.322650301301,0.22081237665235345,1.4216130796413357e-05
14300,-56.49999999999997,9.762676914617476,13518.430550965273,0.21737304420989054,1.4216130796413357e-05
14400,-56.49999999999997,9.76237045265122,13307.876553173784,0.213987387620692,1.4216130796413357e-05
14500,-56.49999999999997,9.762064005115043,13100.608458690605,0.21065456754993497,1.4216130796413357e-05
14600,-56.49999999999997,9.761757572008037,12896.57488710575,0.20737375781324185,1.4216130796413357e-05
14700,-56.49999999999997,9.761451153329299,12695.725262997013,0.20414414517024088,1.4216130796413357e-05
14800,-56.49999999999997,9.761144749077923,12498.009803293482,0.20096492912137448,1.4216130796413357e-05
14900,-56.49999999999997,9.760838359253,12303.379504837732,0.19783532170790258,1.4216130796413357e-05
15000,-56.49999999999997,9.760531983853626,12111.786132143703,0.19475454731505212,1.4216130796413357e-05
15100,-56.49999999999997,9.760225622878899,11923.182205347082,0.1917218424782622,1.4216130796413357e-05
15200,-56.49999999999997,9.759919276327908,11737.520988345184,0.18873645569247635,1.4216130796413357e-05
15300,-56.49999999999997,9.75961294419975,11554.756477123383,0.18579764722443426,1.4216130796413357e-05
15400,-56.49999999999997,9.75930662649352,11374.843388265062,0.18290468892791475,1.4216130796413357e-05
15500,-56.49999999999997,9.759000323208314,11197.737147642316,0.18005686406188495,1.4216130796413357e-05
15600,-56.49999999999997,9.758694034343222,11023.393879284438,0.17725346711150836,1.4216130796413357e-05
15700,-56.49999999999997,9.758387759897346,10851.77039442147,0.17449380361196776,1.4216130796413357e-05
15800,-56.49999999999997,9.758081499869773,10682.82418070002,0.17177718997505825,1.4216130796413357e-05
15900,-56.49999999999997,9.757775254259604,10516.513391568651,0.16910295331850692,1.4216130796413357e-05
16000,-56.49999999999997,9.757469023065934,10352.796835830177,0.16647043129797626,1.4216130796413357e-05
16100,-56.49999999999997,9.757162806287853,10191.633967358172,0.16387897194170828,1.4216130796413357e-05
16200,-56.49999999999997,9.75685660392446,10032.984874975215,0.16132793348776903,1.4216130796413357e-05
16300,-56.49999999999997,9.756550415974852,9876.810272490236,0.15881668422385167,1.4216130796413357e-05
16400,-56.49999999999997,9.75624424243812,9723.07148889248,0.1563446023295978,1.4216130796413357e-05
16500,-56.49999999999997,9.755938083313362,9571.730458699634,0.15391107572139764,1.4216130796413357e-05
16600,-56.49999999999997,9.755631938599672,9422.74971245769,0.15151550189963026,1.4216130796413357e-05
16700,-56.49999999999997,9.755325808296147,9276.092367390142,0.14915728779830495,1.4216130796413357e-05
16800,-56.49999999999997,9.755019692401882,9131.722118194144,0.1468358496370656,1.4216130796413357e-05
16900,-56.49999999999997,9.754713590915973,8989.603227981383,0.1445506127755223,1.4216130796413357e-05
17000,-56.49999999999997,9.754407503837516,8849.700519361308,0.14230101156987174,1.4216130796413357e-05
17100,-56.49999999999997,9.754101431165607,8711.979365664525,0.1400864892317716,1.4216130796413357e-05
17200,-56.49999999999997,9.75379537289934,8576.40568230413,0.13790649768943294,1.4216130796413357e-05
17300,-56.49999999999997,9.753489329037814,8442.945918272828,0.1357604974508959,1.4216130796413357e-05
17400,-56.49999999999997,9.753183299580122,8311.567047773646,0.13364795746945368,1.4216130796413357e-05
17500,-56.49999999999997,9.752877284525363,8182.236561982219,0.13156835501119205,1.4216130796413357e-05
17600,-56.49999999999997,9.752571283872632,8054.922460938521,0.12952117552461045,1.4216130796413357e-05
17700,-56.49999999999997,9.752265297621022,7929.593245565976,0.12750591251229118,1.4216130796413357e-05
17800,-56.49999999999997,9.751959325769635,7806.217909816041,0.1255220674045863,1.4216130796413357e-05
17900,-56.49999999999997,9.751653368317566,7684.765932936198,0.12356914943528875,1.4216130796413357e-05
18000,-56.49999999999997,9.751347425263909,7565.2072718594245,0.12164667551925706,1.4216130796413357e-05
18100,-56.49999999999997,9.75104149660776,7447.512353713279,0.11975417013196306,1.4216130796413357e-05
18200,-56.49999999999997,9.750735582348218,7331.652068446665,0.11789116519093225,1.4216130796413357e-05
18300,-56.49999999999997,9.75042968248438,7217.597761572446,0.11605719993904673,1.4216130796413357e-05
18400,-56.49999999999997,9.750123797015343,7105.321227024092,0.11425182082968184,1.4216130796413357e-05
18500,-56.49999999999997,9.749817925940203,6994.794700124523,0.11247458141364695,1.4216130796413357e-05
18600,-56.49999999999997,9.749512069258056,6885.990850665465,0.11072504222790314,1.4216130796413357e-05
18700,-56.49999999999997,9.749206226967999,6778.882776095477,0.10900277068602836,1.4216130796413357e-05
18800,-56.49999999999997,9.74890039906913,6673.443994815032,0.10730734097040397,1.4216130796413357e-05
18900,-56.49999999999997,9.748594585560546,6569.6484395768775,0.10563833392609419,1.4216130796413357e-05
19000,-56.49999999999997,9.748288786441345,6467.470450990115,0.10399533695639329,1.4216130796413357e-05
19100,-56.49999999999997,9.747983001710622,6366.8847711262915,0.10237794392001308,1.4216130796413357e-05
19200,-56.49999999999997,9.747677231367478,6267.866537225911,0.10078575502988515,1.4216130796413357e-05
19300,-56.49999999999997,9.747371475411006,6170.391275503821,0.0992183767535531,1.4216130796413357e-05
19400,-56.49999999999997,9.747065733840305,6074.434895051881,0.09767542171512882,1.4216130796413357e-05
19500,-56.49999999999997,9.746760006654474,5979.973681837401,0.09615650859878894,1.4216130796413357e-05
19600,-56.49999999999997,9.746454293852612,5886.98429279583,0.09466126205378664,1.4216130796413357e-05
19700,-56.49999999999997,9.74614859543381,5795.44375001622,0.09318931260095548,1.4216130796413357e-05
19800,-56.49999999999997,9.745842911397174,5705.329435018021,0.09174029654068147,1.4216130796413357e-05
19900,-56.49999999999997,9.745537241741797,5616.619083117721,0.09031385586232017,1.4216130796413357e-05
20000,-56.49999999999997,9.745231586466776,5529.29077788397,0.08890963815503643,1.4216130796413357e-05
20100,-56.46335557309811,9.744925945571214,5443.327867365565,0.08751257368350203,1.4218144670884647e-05
20200,-56.36398654156221,9.744620319054203,5358.732639402363,0.08611304316135768,1.4223604976960593e-05
20300,-56.26462062647616,9.744314706914848,5275.4925697797635,0.08473656324962195,1.4229064036841843e-05
20400,-56.16525782769335,9.74400910915224,5193.585303527689,0.0833827433136766,1.4234521851103191e-05
20500,-56.065898145067166,9.74370352576548,5112.988865080417,0.08205119952459769,1.4239978420319108e-05
20600,-55.966541578451,9.743397956753666,5033.681651657519,0.08074155473736071,1.4245433745063768e-05
20700,-55.86718812769834,9.743092402115902,4955.6424267630355,0.07945343837127689,1.4250887825911019e-05
20800,-55.76783779266256,9.742786861851279,4878.850313801617,0.07818648629263333,1.425634066343441e-05
20900,-55.66849057319712,9.7424813359589,4803.284789808531,0.07694034069948019,1.4261792258207177e-05
21000,-55.56914646915547,9.742175824437858,4728.9256792920905,0.0757146500085348,1.4267242610802244e-05
21100,-55.469805480391074,9.741870327287259,4655.753148186101,0.07450906874415755,1.427269172179223e-05
21200,-55.37046760675736,9.741564844506195,4583.747697910411,0.07332325742936219,1.427813959174943e-05
21300,-55.27113284810784,9.74125937609377,4512.890159537742,0.07215688247882496,1.4283586221245851e-05
21400,-55.171801204296,9.740953922049084,4443.161688064469,0.07100961609384886,1.4289031610853171e-05
21500,-55.072472675175334,9.740648482371228,4374.543756783826,0.06988113615925232,1.429447576114276e-05
21600,-54.97314726059932,9.74034305705931,4307.018151759526,0.06877112614214413,1.429991867268569e-05
21700,-54.8738249604215,9.740037646112421,4240.566966397713,0.06767927499254558,1.4305360346052708e-05
21800,-54.77450577449537,9.739732249529668,4175.172596116062,0.06660527704583427,1.4310800781814258e-05
21900,-54.67518970267449,9.739426867310144,4110.817733107428,0.0655488319269633,1.431623998054048e-05
22000,-54.575876744812376,9.739121499452953,4047.485361196985,0.06450964445643248,1.4321677942801192e-05
22100,-54.47656690076258,9.738816145957191,3985.1587507910153,0.06348742455797704,1.4327114669165903e-05
22200,-54.37726017037869,9.738510806821958,3923.8214539151436,0.06248188716793336,1.4332550160203818e-05
22300,-54.27795655351423,9.738205482046355,3863.4572993414013,0.06149275214626601,1.433798441648383e-05
22400,-54.17865605002282,9.737900171629482,3804.050387801258,0.060519744189206026,1.4343417438574526e-05
22500,-54.079358659758014,9.737594875570435,3745.585087284244,0.05956259274348859,1.434884922704417e-05
22600,-53.9800643825734,9.737289593868319,3688.0460284197748,0.05862103192214754,1.435427978246073e-05
22700,-53.880773218322645,9.736984326522228,3631.418099940878,0.05769480042184089,1.4359709105391855e-05
22800,-53.781485166859284,9.736679073531267,3575.686444228657,0.05678364144168389,1.436513719640489e-05
22900,-53.682200228036976,9.736373834894534,3520.8364529356063,0.05588730260355518,1.4370564056066863e-05
23000,-53.58291840170938,9.73606861061113,3466.853762686376,0.05500553587384881,1.4375989684944496e-05
23100,-53.48363968773009,9.735763400680153,3413.7242508549552,0.05413809748665137,1.4381414083604203e-05
23200,-53.38436408595277,9.735458205100702,3361.4340314164456,0.05328474786831064,1.4386837252612086e-05
23300,-53.2850915962311,9.735153023871883,3309.969450872275,0.05244525156337314,1.4392259192533935e-05
23400,-53.185822218418735,9.734847856992788,3259.317084247597,0.05161937716186632,1.4397679903935237e-05
23500,-53.086555952369366,9.734542704462523,3209.4637311593074,0.05080689722789641,1.4403099387381154e-05
23600,-52.98729279793665,9.734237566280191,3160.3964119536513,0.05000758822954134,1.4408517643436555e-05
23700,-52.88803275497429,9.733932442444887,3112.102363912082,0.04922123047001361,1.4413934672665993e-05
23800,-52.78877582333601,9.733627332955717,3064.569037523988,0.0484476080200671,1.4419350475633709e-05
23900,-52.68952200287552,9.733322237811773,3017.7840928252467,0.0476865086516275,1.4424765052903634e-05
24000,-52.59027129344656,9.733017157012164,2971.7353958015283,0.04693772377262539,1.4430178405039393e-05
24100,-52.49102369490282,9.732712090555985,2926.4110148547534,0.04620104836300308,1.4435590532604294e-05
24200,-52.39177920709807,9.732407038442343,2881.799217331924,0.04547628091187908,1.4441001436161346e-05
24300,-52.29253782988607,9.732102000670334,2837.888466115216,0.044763223355849084,1.444641111627324e-05
24400,-52.193299563120576,9.73179697723906,2794.667416271921,0.04406168101839746,1.4451819573502364e-05
24500,-52.09406440665532,9.731491968147624,2752.1249117634434,0.043371462550403486,1.4457226808410785e-05
24600,-51.994832360344134,9.731186973395127,2710.249982212165,0.042692379871719886,1.4462632821560271e-05
24700,-51.895603424040786,9.730881992980667,2669.031839725169,0.042024248113804605,1.4468037613512278e-05
24800,-51.79637759759905,9.730577026903347,2628.459875773744,0.04136688556338541,1.447344118482795e-05
24900,-51.69715488087277,9.73027207516227,2588.5236581277136,0.04072011360713909,1.4478843536068127e-05
25000,-51.597935273715734,9.729967137756537,2549.2129278435896,0.04008375667736631,1.4484244667793332e-05
25100,-51.498718775981786,9.729662214685247,2510.5175963055963,0.03945764219864395,1.4489644580563775e-05
25200,-51.399505387524755,9.729357305947504,2472.4277423185363,0.03884160053543576,1.4495043274939375e-05
25300,-51.30029510819847,9.729052411542408,2434.933609251679,0.03823546494064543,1.4500440751479725e-05
25400,-51.20108793785681,9.728747531469063,2398.025602232733,0.03763907150509432,1.4505837010744114e-05
25500,-51.10188387635361,9.728442665726568,2361.6942853907835,0.03705225910790345,1.451123205329152e-05
25600,-51.00268292354275,9.728137814314028,2325.9303791477514,0.036474869367769974,1.4516625879680617e-05
25700,-50.90348507927811,9.727832977230541,2290.724757557081,0.03590674659511499,1.4522018490469763e-05
25800,-50.804290343413584,9.727528154475213,2256.0684456889485,0.0353477377450889,1.452740988621701e-05
25900,-50.70509871580305,9.727223346047142,2221.95261706133,0.03479769237142127,1.4532800067480105e-05
26000,-50.60591019630044,9.726918551945433,2188.3685911158595,0.03425646258109584,1.4538189034816474e-05
26100,-50.50672478475968,9.72661377216919,2155.3078307377546,0.033723902989836664,1.4543576788783242e-05
26200,-50.40754248103465,9.726309006717509,2122.7619398190886,0.03319987067839176,1.4548963329937232e-05
26300,-50.30836328497932,9.7260042555895,2090.722660864581,0.032684225149598616,1.4554348658834946e-05
26400,-50.20918719644763,9.725699518784259,2059.1818726391098,0.03217682828621681,1.4559732776032579e-05
26500,-50.11001421529352,9.725394796300892,2028.1315878562575,0.03167754430951456,1.4565115682086022e-05
26600,-50.010844341370955,9.725090088138499,1997.5639509071398,0.031186239738595037,1.4570497377550852e-05
26700,-49.91167757453394,9.724785394296186,1967.4712356287375,0.030702783350448102,1.4575877862982343e-05
26800,-49.81251391463641,9.724480714773055,1937.8458431111776,0.030227046140716436,1.4581257138935456e-05
26900,-49.71335336153237,9.724176049568205,1908.6802995430803,0.029758901285160146,1.4586635205964846e-05
27000,-49.61419591507581,9.723871398680743,1879.9672540944118,0.0292982241018089,1.4592012064624854e-05
27100,-49.51504157512076,9.72356676210977,1851.6994768361506,0.028844892013788644,1.4597387715469518e-05
27200,-49.41589034152122,9.72326213985439,1823.8698566960497,0.028398784512809683,1.4602762159052563e-05
27300,-49.31674221413121,9.722957531913705,1796.471399449999,0.027959783123306253,1.4608135395927414e-05
27400,-49.21759719280479,9.72265293828682,1769.4972257481836,0.027527771367213183,1.461350742664717e-05
27500,-49.11845527739598,9.722348358972836,1742.9405691754587,0.0271026347293685,1.4618878251764646e-05
27600,-49.01931646775887,9.722043793970856,1716.7947743454904,0.02668426062353314,1.4624247871832325e-05
27700,-48.92018076374748,9.721739243279988,1691.0532950278175,0.026272538359012648,1.4629616287402402e-05
27800,-48.8210481652159,9.721434706899327,1665.709692307399,0.025867359107872284,1.4634983499026743e-05
27900,-48.721918672018205,9.721130184827985,1640.757632776065,0.02546861587273461,1.4640349507256926e-05
28000,-48.62279228400851,9.72082567706506,1616.190886755234,0.025076203455147914,1.46457143126442e-05
28100,-48.52366900104087,9.720521183609655,1592.003326549438,0.02469001842451652,1.4651077915739532e-05
28200,-48.42454882296943,9.720216704460881,1568.1889247299848,0.024309959087580896,1.4656440317093555e-05
28300,-48.32543174964829,9.719912239617834,1544.7417524483337,0.023935925458439294,1.4661801517256609e-05
28400,-48.226317780931595,9.719607789079621,1521.655977778631,0.0235678192291006,1.466716151677872e-05
28500,-48.12720691667346,9.719303352845346,1498.9258640887863,0.023205543740557267,1.4672520316209609e-05
28600,-48.02809915672802,9.718998930914113,1476.545768439796,0.022849003954372067,1.4677877916098692e-05
28700,-47.92899450094947,9.718694523285025,1454.5101400125845,0.022498106424765893,1.4683234316995067e-05
28800,-47.82989294919196,9.718390129957186,1432.8135185620008,0.022152759271199345,1.4688589519447541e-05
28900,-47.73079450130962,9.718085750929701,1411.4505328974772,0.02181287215143907,1.469394352400459e-05
29000,-47.631699157156675,9.717781386201674,1390.4158993899175,0.021478356235100592,1.4699296331214403e-05
29100,-47.532606916587326,9.717477035772212,1369.7044205041805,0.02114912417765636,1.4704647941624852e-05
29200,-47.43351777945574,9.717172699640415,1349.3109833569367,0.02082509009490423,1.4709998355783507e-05
29300,-47.33443174561614,9.716868377805389,1329.2305582992988,0.020506169537885626,1.4715347574237623e-05
29400,-47.23534881492273,9.716564070266239,1309.458197523822,0.0201922794682458,1.4720695597534154e-05
29500,-47.136268987229755,9.716259777022069,1289.9890336954406,0.019883338234028144,1.472604242621974e-05
29600,-47.03719226239144,9.715955498071983,1270.8182786059967,0.019579265545895935,1.4731388060840721e-05
29700,-46.93811864026205,9.715651233415088,1251.9412218517912,0.019279982453771355,1.4736732501943124e-05
29800,-46.83904812069582,9.715346983050487,1233.3532295338957,0.018985411323886547,1.4742075750072675e-05
29900,-46.73998070354702,9.715042746977288,1215.0497429807183,0.018695475816237588,1.474741780577479e-05
30000,-46.64091638866992,9.71473852519459,1197.026277492562,0.01841010086243616,1.4752758669594572e-05
30100,-46.54185517591881,9.714434317701501,1179.2784211075714,0.01812921264394838,1.4758098342076824e-05
30200,-46.44279706514797,9.714130124497128,1161.8018333890006,0.017852738570718545,1.4763436823766045e-05
30300,-46.34374205621171,9.713825945580576,1144.5922442330645,0.01758060726016537,1.4768774115206417e-05
30400,-46.24469014896431,9.713521780950948,1127.645452697358,0.017312748516549174,1.4774110216941826e-05
30500,-46.14564134326014,9.713217630607348,1110.9573258492408,0.017049093310699846,1.4779445129515843e-05
30600,-46.04659563895348,9.712913494548886,1094.5237976339042,0.0167895737600999,1.4784778853471739e-05
30700,-45.94755303589872,9.712609372774665,1078.3408677618777,0.01653412310931802,1.4790111389352463e-05
30800,-45.848513533950154,9.712305265283788,1062.4046006154256,0.016282675710783463,1.4795442737700686e-05
30900,-45.74947713296214,9.712001172075365,1046.7111241737502,0.01603516700589905,1.4800772899058747e-05
31000,-45.65044383278908,9.7116970931485,1031.256628956436,0.01579153350648304,1.4806101873968686e-05
31100,-45.551413633285335,9.711393028502297,1016.0373669849911,0.015551712776536669,1.4811429662972243e-05
31200,-45.45238653430525,9.711088978135864,1001.0496507620727,0.01531564341433006,1.4816756266610847e-05
31300,-45.35336253570327,9.710784942048306,986.2898522681232,0.015083265034801315,1.4822081685425617e-05
31400,-45.254341637333766,9.710480920238728,971.7544019751049,0.014854518252263088,1.4827405919957373e-05
31500,-45.155323839051135,9.710176912706238,957.4397878770404,0.014629344663411203,1.4832728970746627e-05
31600,-45.05630914070983,9.709872919449941,943.342554537046,0.014407686830629656,1.483805083833358e-05
31700,-44.95729754216424,9.709568940468943,929.4593021505885,0.014189488265586917,1.4843371523258135e-05
31800,-44.858289043268826,9.70926497576235,915.7866856246704,0.013974693413118213,1.484869102605988e-05
31900,-44.759283643878064,9.70896102532927,902.3214136726968,0.013763247635389093,1.4854009347278106e-05
32000,-44.66028134384635,9.708657089168804,889.0602479246916,0.0135550971963344,1.4859326487451799e-05
32100,-44.561282143028166,9.708353167280066,876.0000020526355,0.013350189246368317,1.4864642447119628e-05
32200,-44.39440091557847,9.708049259662157,863.1376664515708,0.013144571800887489,1.4873601173510444e-05
32300,-44.11722050766102,9.707745366314187,850.478525754703,0.012936113439368652,1.488847475908251e-05
32400,-43.84004877631915,9.70744148723526,838.0204117339906,0.01273121351021193,1.490333994906127e-05
32500,-43.56288572114542,9.707137622424485,825.7598892063166,0.012529806977956411,1.4918196753736782e-05
32600,-43.28573134173246,9.706833771880964,813.6935858237216,0.01233183007389975,1.4933045183384072e-05
32700,-43.00858563767298,9.706529935603811,801.818190848702,0.012137220269907711,1.494788524826314e-05
32800,-42.73144860855962,9.706226113592129,790.1304539548489,0.01194591625279657,1.4962716958618981e-05
32900,-42.45432025398506,9.705922305845023,778.6271840522471,0.011757857899274724,1.4977540324681567e-05
33000,-42.17720057354211,9.705618512361605,767.3052481371369,0.011572986251431387,1.499235535666587e-05
33100,-41.90008956682345,9.705314733140977,756.1615701652677,0.011391243492759022,1.5007162064771861e-05
33200,-41.62298723342187,9.705010968182249,745.1931299484467,0.011212572924697677,1.5021960459184513e-05
33300,-41.34589357293021,9.704707217484529,734.3969620737861,0.011036918943689304,1.5036750550073804e-05
33400,-41.06880858494128,9.70440348104692,723.7701548451256,0.01086422701872992,1.5051532347594733e-05
33500,-40.79173226904791,9.704099758868537,713.3098492461895,0.010694443669408889,1.5066305861887317e-05
33600,-40.51466462484305,9.70379605094848,703.013237924955,0.010527516444423344,1.5081071103076596e-05
33700,-40.23760565191955,9.70349235728586,692.87756419884,0.010363393900557946,1.5095828081272647e-05
33800,-39.96055534987039,9.703188677879783,682.9001210801868,0.010202025582118282,1.5110576806570588e-05
33900,-39.68351371828848,9.702885012729359,673.0782503216547,0.010043362000808324,1.5125317289050585e-05
34000,-39.406480756766825,9.702581361833696,663.4093414810768,0.009887354616041608,1.5140049538777844e-05
34100,-39.12945646489845,9.702277725191898,653.8908310053487,0.009733955815676135,1.5154773565802649e-05
34200,-38.852440842276394,9.701974102803076,644.5202013329613,0.009583118897163664,1.5169489380160333e-05
34300,-38.57543388849368,9.701670494666338,635.2949800147535,0.009434798049103663,1.5184196991871328e-05
34400,-38.298435603143446,9.70136690078079,626.212738852523,0.009288948333193213,1.5198896410941123e-05
34500,-38.02144598581873,9.701063321145542,617.2710930550659,0.0091455256665632,1.5213587647360318e-05
34600,-37.74446503611276,9.7007597557597,608.4677004113341,0.009004486804493044,1.5228270711104602e-05
34700,-37.467492753618615,9.700456204622375,599.8002604802751,0.008865789323494326,1.5242945612134766e-05
34800,-37.19052913792956,9.700152667732674,591.2665137970638,0.008729391604756049,1.5257612360396728e-05
34900,-36.913574188638734,9.699849145089702,582.8642410953187,0.00859525281794252,1.5272270965821526e-05
35000,-36.636627905339424,9.699545636692575,574.5912625450029,0.008463332905336525,1.5286921438325325e-05
35100,-36.359690287624886,9.699242142540397,566.4454370056565,0.008333592566319756,1.5301563787809435e-05
35200,-36.082761335088435,9.698938662632274,558.4246612946315,0.00820599324218293,1.531619802416032e-05
35300,-35.80584104732333,9.698635196967322,550.5268694700222,0.008080497101258311,1.5330824157249598e-05
35400,-35.52892942392293,9.69833174554464,542.7500321279787,0.007957067024367515,1.534544219693407e-05
35500,-35.25202646448065,9.698028308363346,535.0921557140788,0.007835666590577158,1.536005215305569e-05
35600,-34.97513216858982,9.697724885422543,527.5512818484887,0.007716260063255965,1.537465403544162e-05
35700,-34.69824653584388,9.697421476721342,520.1254866645965,0.007598812376426224,1.5389247853904228e-05
35800,-34.4213695658363,9.697118082258852,512.8128801608525,0.0074832891214033186,1.5403833618241064e-05
35900,-34.14450125816049,9.696814702034182,505.6116055655265,0.007369656533716751,1.5418411338234928e-05
36000,-33.86764161241001,9.696511336046441,498.51983871410647,0.00725788148030639,1.543298102365382e-05
36100,-33.590790628178326,9.69620798429474,491.5357874390894,0.00714793144698802,1.5447542684250995e-05
36200,-33.313948305059,9.695904646778182,484.65769097188576,0.00703977452618204,1.5462096329764964e-05
36300,-33.037114642645605,9.695601323495882,477.88381935658873,0.006933379404899491,1.5476641969919494e-05
36400,-32.76028964053177,9.695298014446951,471.21247287536744,0.006828715352979899,1.5491179614423606e-05
36500,-32.483473298311026,9.694994719630493,464.641981485226,0.0067257522115751105,1.550570927297164e-05
36600,-32.20666561557712,9.694691439045622,458.1707042659052,0.006624460381873972,1.5520230955243198e-05
36700,-31.929866591923656,9.694388172691445,451.79702887868035,0.006524810814062251,1.5534744670903213e-05
36800,-31.653076226944393,9.694084920567073,445.51937103584004,0.0064267749965129135,1.554925042960191e-05
36900,-31.37629452023296,9.693781682671617,439.3361739806103,0.006330324945201418,1.5563748240974872e-05
37000,-31.099521471383184,9.693478459004183,433.2459079773245,0.006235433193341394,1.5578238114643002e-05
37100,-30.822757079988833,9.69317524956388,427.2470698115978,0.0061420727812354385,1.5592720060212562e-05
37200,-30.546001345643674,9.692872054349827,421.3381823003316,0.006050217246336827,1.560719408727518e-05
37300,-30.269254267941534,9.692568873361125,415.5177938113156,0.005959840613517095,1.5621660205407865e-05
37400,-29.992515846476266,9.692265706596888,409.78447779224643,0.005870917385535249,1.563611842417301e-05
37500,-29.71578608084178,9.691962554056225,404.136832308961,0.005783422533704122,1.5650568753118404e-05
37600,-29.439064970631932,9.691659415738245,398.57347959268463,0.005697331488749423,1.5665011201777268e-05
37700,-29.16235251544066,9.691356291642064,393.09306559613225,0.005612620131857643,1.5679445779668238e-05
37800,-28.88564871486193,9.691053181766787,387.6942595582547,0.005529264785908368,1.5693872496295397e-05
37900,-28.60895356848971,9.690750086111525,382.3757535774637,0.005447242206887104,1.5708291361148274e-05
38000,-28.332267075917997,9.69044700467539,377.13626219315927,0.0053665295754747435,1.5722702383701866e-05
38100,-28.055589236740815,9.69014393745749,371.9745219753891,0.00528710448880979,1.5737105573416656e-05
38200,-27.778920050552216,9.689840884456938,366.88929112247416,0.005208944952419651,1.5751500939738606e-05
38300,-27.50225951694631,9.689537845672845,361.87934906643034,0.0051320293723172315,1.5765888492099205e-05
38400,-27.22560763551718,9.689234821104321,356.94349608603426,0.005056336547259378,1.5780268239915436e-05
38500,-26.94896440585893,9.688931810750477,352.08055292737197,0.0049818456611636025,1.5794640192589843e-05
38600,-26.672329827565733,9.688628814610427,347.28936043172143,0.004908536275679743,1.5809004359510498e-05
38700,-26.39570390023181,9.688325832683276,342.5687791706127,0.004836388322913118,1.5823360750051035e-05
38800,-26.119086623451295,9.688022864968138,337.9176890879244,0.004765382098296007,1.583770937357067e-05
38900,-25.842477996818445,9.687719911464123,333.3349891488723,0.004695498253604242,1.5852050239414208e-05
39000,-25.56587801992754,9.687416972170345,328.81959699574804,0.004626717790115785,1.586638335691205e-05
39100,-25.289286692372826,9.687114047085913,324.37044861027124,0.00455902205190825,1.588070873538022e-05
39200,-25.012704013748646,9.686811136209942,319.98649798242405,0.004492392719292439,1.589502638412037e-05
39300,-24.736129983649306,9.686508239541537,315.6667167856257,0.004426811802378837,1.5909336312419797e-05
39400,-24.459564601669143,9.686205357079814,311.4100940581369,0.004362261634774478,1.592363852955147e-05
39500,-24.18300786740261,9.685902488823883,307.2156358905463,0.004298724867407093,1.5937933044774025e-05
39600,-23.906459780444067,9.685599634772858,303.0823651192371,0.004236184462474129,1.5952219867331778e-05
39700,-23.62992034038794,9.685296794925847,299.0093210256939,0.004174623687513715,1.596649900645477e-05
39800,-23.35338954682868,9.684993969281967,294.9955590415457,0.004114026109595154,1.5980770471358757e-05
39900,-23.07686739936082,9.684691157840325,291.04015045922694,0.004054375589626398,1.5995034271245217e-05
40000,-22.800353897578844,9.684388360600034,287.1421821481316,0.003995656276775823,1.6009290415301384e-05
40100,-22.523849041077284,9.684085577560205,283.3007562761721,0.003937852603006222,1.6023538912700268e-05
40200,-22.247352829450676,9.683782808719954,279.5149900366092,0.0038809492777182705,1.6037779772600645e-05
40300,-21.97086526229367,9.68348005407839,275.78401538006653,0.003824931282501421,1.60520130041471e-05
40400,-21.694386339200804,9.683177313634625,272.10697875161975,0.0037697838659898706,1.6066238616470023e-05
40500,-21.417916059766753,9.682874587387772,268.4830408328531,0.003715492538821322,1.6080456618685627e-05
40600,-21.141454423586197,9.682571875336944,264.9113762887916,0.003662043068696451,1.6094667019895967e-05
40700,-20.865001430253756,9.682269177481253,261.39117351960635,0.0036094214755369074,1.6108869829188975e-05
40800,-20.58855707936422,9.681966493819813,257.92163441700256,0.003557614026739836,1.612306505563843e-05
40900,-20.312121370512273,9.681663824351732,254.50197412519245,0.003506607232526835,1.613725270830402e-05
41000,-20.0356943032927,9.681361169076126,251.13142080636308,0.0034563878413853754,1.6151432796231333e-05
41100,-19.759275877300297,9.681058527992107,247.8092154105522,0.003406942835600789,1.616560532845188e-05
41200,-19.482866092129882,9.68075590109879,244.53461144983822,0.003358259426876837,1.61797703139831e-05
41300,-19.206464947376247,9.680453288395285,241.30687477676793,0.003310325052043131,1.6193927761828414e-05
41400,-18.930072442634327,9.680150689880705,238.12528336692978,0.003263127368847487,1.6208077680977178e-05
41500,-18.65368857749894,9.679848105554164,234.9891271055926,0.0032166542518314513,1.622222008040476e-05
41600,-18.37731335156505,9.679545535414775,231.8977075783355,0.003170893788287374,1.623635496907252e-05
41700,-18.10094676442756,9.67924297946165,228.85033786557818,0.0031258342742951344,1.625048235592784e-05
41800,-17.824588815681494,9.678940437693903,225.84634234094725,0.0030814642108370695,1.6264602249904137e-05
41900,-17.54823950492178,9.678637910110647,222.8850564733923,0.0030377722999893053,1.627871465992089e-05
42000,-17.27189883174347,9.678335396710995,219.96582663298878,0.0029947474411880733,1.6292819594883632e-05
42100,-16.99556679574158,9.678032897494061,217.08800990034192,0.0029523787275692664,1.6306917063683994e-05
42200,-16.719243396511217,9.677730412458958,214.25097387953386,0.002910655442379899,1.6321007075199698e-05
42300,-16.442928633647455,9.677427941604801,211.4540965145343,0.0028695670554598402,1.6335089638294605e-05
42400,-16.166622506745398,9.677125484930702,208.69676590901616,0.0028291032197924992,1.63491647618187e-05
42500,-15.890325015400151,9.676823042435775,205.97838014949835,0.0027892537681228906,1.636323245460811e-05
42600,-15.61403615920699,9.676520614119132,203.2983471317615,0.0027500087096418314,1.6377292725485157e-05
42700,-15.337755937761017,9.676218199979889,200.65608439046628,0.0027113582267348185,1.6391345583258336e-05
42800,-15.061484350657508,9.675915800017162,198.0510189319114,0.002673292671794265,1.6405391036722347e-05
42900,-14.785221397491682,9.675613414230062,195.48258706987514,0.0026358025640938476,1.6419429094658114e-05
43000,-14.508967077858756,9.6753110426177,192.9502342644767,0.0025988785867236404,1.6433459765832814e-05
43100,-14.232721391354119,9.675008685179195,190.45341496399567,0.002562511583584764,1.6447483058999848e-05
43200,-13.956484337572988,9.674706341913662,187.99159244959958,0.0025266925564424087,1.6461498982898925e-05
43300,-13.680255916110866,9.674404012820208,185.56423868291768,0.0024914126620359874,1.647550754625602e-05
43400,-13.404036126562914,9.674101697897955,183.17083415640454,0.00245666320924521,1.648950875778345e-05
43500,-13.127824968524692,9.673799397146015,180.81086774644731,0.0024224356563110703,1.650350262617981e-05
43600,-12.851622441591587,9.673497110563499,178.483836569153,0.002388721608110458,1.6517489160130077e-05
43700,-12.575428545359046,9.673194838149525,176.18924583877035,0.002355512813483405,1.653146836830558e-05
43800,-12.299243279422456,9.672892579903207,173.92660872869683,0.0023228011626119085,1.6545440259364018e-05
43900,-12.023066643377376,9.672590335823662,171.69544623501494,0.0022905786844492036,1.6559404841949503e-05
44000,-11.746898636819367,9.67228810591,169.49528704251355,0.0022588375441985153,1.6573362124692546e-05
44100,-11.47073925934393,9.671985890161338,167.32566739314564,0.002227570040840282,1.6587312116210104e-05
44200,-11.19458851054668,9.67168368857679,165.18613095687425,0.0021967686047068506,1.660125482510557e-05
44300,-10.91844639002312,9.671381501155471,163.0762287048622,0.002166425795103688,1.6615190259968817e-05
44400,-10.642312897368981,9.671079327896498,160.99551878496052,0.0021365342979761913,1.6629118429376196e-05
44500,-10.366188032179878,9.670777168798985,158.94356639945,0.002107086923621126,1.6643039341890575e-05
44600,-10.090071794051426,9.670475023862044,156.91994368499348,0.0020780766044418285,1.665695300606133e-05
44700,-9.813964182579411,9.670172893084796,154.92422959475942,0.0020494963927463064,1.6670859430424384e-05
44800,-9.537865197359451,9.669870776466354,152.95600978266887,0.002021339458587304,1.6684758623502215e-05
44900,-9.261774837987446,9.669568674005827,151.01487648973293,0.0019935990876435807,1.669865059380388e-05
45000,-8.985693104059067,9.66926658570234,149.10042843243352,0.0019662686791414754,1.6712535349825033e-05
45100,-8.709619995170158,9.668964511555002,147.21227069311516,0.0019393417438160474,1.6726412900047932e-05
45200,-8.433555510916449,9.668662451562934,145.3500146123446,0.0019128119019109196,1.6740283252941487e-05
45300,-8.157499650893897,9.668360405725245,143.51327768320255,0.001886672881216085,1.6754146416961233e-05
45400,-7.8814524146983445,9.668058374041056,141.70168344747177,0.0018609185151429177,1.6768002400549377e-05
45500,-7.6054138019256925,9.667756356509479,139.91486139368453,0.0018355427408356375,1.6781851212134833e-05
45600,-7.329383812171898,9.667454353129633,138.15244685699525,0.0018105395973185142,1.6795692860133187e-05
45700,-7.05336244503286,9.667152363900632,136.41408092083884,0.001785903223678028,1.6809527352946784e-05
45800,-6.777349700104594,9.666850388821592,134.69941032035237,0.001761627857279446,1.682335469896468e-05
45900,-6.501345576983056,9.666548427891628,133.00808734751155,0.0017377078320169246,1.6837174906562708e-05
46000,-6.225350075264316,9.66624648110986,131.33976975796367,0.001714137576596658,1.6850987984103474e-05
46100,-5.949363194544446,9.6659445484754,129.69412067951538,0.0016909116128522893,1.6864793939936377e-05
46200,-5.673384934419403,9.665642629987367,128.0708085222482,0.0016680245540919923,1.6878592782397648e-05
46300,-5.397415294485484,9.665340725644873,126.4695068902337,0.0016454711034766404,1.6892384519810327e-05
46400,-5.121454274338646,9.66503883544704,124.88989449480896,0.0016232460524283096,1.6906169160484327e-05
46500,-4.845501873575131,9.664736959392982,123.33165506939659,0.00160134427906871,1.691994671271643e-05
46600,-4.569558091791066,9.664435097481814,121.79447728582693,0.0015797607466867625,1.6933717184790293e-05
46700,-4.293622928582749,9.664133249712652,120.27805467214395,0.0015584905022348855,1.6947480584976503e-05
46800,-4.017696383546252,9.66383141608462,118.78208553186279,0.0015375286748533555,1.696123692153256e-05
46900,-3.7417784562779843,9.663529596596824,117.30627286465163,0.0015168704744222036,1.6974986202702917e-05
47000,-3.465869146374189,9.663227791248389,115.85032428841292,0.0014965111901401062,1.698872843671899e-05
47100,-3.1899684534310495,9.662926000038427,114.41395196273695,0.0014764461891297453,1.7002463631799176e-05
47200,-2.9140763770450917,9.662624222966057,112.99687251370267,0.0014566709150691168,1.701619179614889e-05
47300,-2.6381929168125,9.662322460030397,111.59880696000062,0.001437180886848274,1.7029912937960552e-05
47400,-2.5,9.66202071123056,110.21975751573247,0.001418696595169176,1.703678352542704e-05
47500,-2.5,9.661718976565668,108.85751948967102,0.0014011625115081092,1.703678352542704e-05
47600,-2.5,9.661417256034834,107.51215951383648,0.0013838456741278335,1.703678352542704e-05
47700,-2.5,9.661115549637179,106.18346795350531,0.0013667433847093253,1.703678352542704e-05
47800,-2.5,9.660813857371815,104.87123778414194,0.0013498529785306657,1.703678352542704e-05
47900,-2.5,9.660512179237868,103.57526455881973,0.0013331718240476992,1.703678352542704e-05
48000,-2.5,9.660210515234448,102.29534637604866,0.0013166973224799268,1.703678352542704e-05
48100,-2.5,9.659908865360674,101.03128384800617,0.001300426907401588,1.703678352542704e-05
48200,-2.5,9.659607229615665,99.78288006916561,0.0012843580443378617,1.703678352542704e-05
48300,-2.5,9.659305607998538,98.54994058531659,0.00126848823036611,1.703678352542704e-05
48400,-2.5,9.65900400050841,97.33227336297314,0.0012528149937221155,1.703678352542704e-05
48500,-2.5,9.658702407144402,96.12968875916496,0.001237335893411248,1.703678352542704e-05
48600,-2.5,9.658400827905627,94.9419994916062,0.0012220485188244902,1.703678352542704e-05
48700,-2.5,9.658099262791207,93.76902060923736,0.0012069504893592695,1.703678352542704e-05
48800,-2.5,9.657797711800258,92.61056946313565,0.001192039454045027,1.703678352542704e-05
48900,-2.5,9.657496174931897,91.46646567778996,0.0011773130911734845,1.703678352542704e-05
49000,-2.5,9.657194652185245,90.33653112273377,0.0011627691079335162,1.703678352542704e-05
49100,-2.5,9.656893143559419,89.22058988453446,0.0011484052400506071,1.703678352542704e-05
49200,-2.5,9.656591649053537,88.11846823913156,0.0011342192514308066,1.703678352542704e-05
49300,-2.5,9.656290168666716,87.0299946245218,0.0011202089338091415,1.703678352542704e-05
49400,-2.5,9.655988702398078,85.95499961378545,0.0011063721064024231,1.703678352542704e-05
49500,-2.5,9.655687250246737,84.89331588845023,0.0010927066155664031,1.703678352542704e-05
49600,-2.5,9.655385812211817,83.84477821218817,0.0010792103344572086,1.703678352542704e-05
49700,-2.5,9.65508438829243,82.80922340484146,0.0010658811626970172,1.703678352542704e-05
49800,-2.5,9.6547829784877,81.78649031677296,0.001052717026043908,1.703678352542704e-05
49900,-2.5,9.654481582796745,80.77641980353758,0.0010397158760658447,1.703678352542704e-05
50000,-2.5,9.654180201218683,79.77885470087064,0.001026875689818736,1.703678352542704e-05
50100,-2.5,9.65387883375263,78.79363979998845,0.0010141944695285171,1.703678352542704e-05
50200,-2.5,9.65357748039771,77.82062182319811,0.0010016702422772114,1.703678352542704e-05
50300,-2.5,9.653276141153038,76.85964939981213,0.000989301059692913,1.703678352542704e-05
50400,-2.5,9.652974816017734,75.91057304236415,0.0009770849976436494,1.703678352542704e-05
50500,-2.5,9.652673504990922,74.9732451231222,0.0009650201559350676,1.703678352542704e-05
50600,-2.5,9.652372208071714,74.04751985089548,0.0009531046580119059,1.703678352542704e-05
50700,-2.5,9.652070925259231,73.13325324813079,0.0009413366506631869,1.703678352542704e-05
50800,-2.5,9.651769656552595,72.230303128296,0.0009297143037311102,1.703678352542704e-05
50900,-2.5,9.651468401950927,71.33852907354566,0.0009182358098235734,1.703678352542704e-05
51000,-2.5,9.651167161453342,70.4577924126659,0.0009068993840302901,1.703678352542704e-05
51100,-2.5,9.650865935058961,69.58795619929506,0.0008957032636424557,1.703678352542704e-05
51200,-2.5,9.650564722766905,68.72888519041696,0.0008846457078759231,1.703678352542704e-05
51300,-2.5,9.65026352457629,67.88044582512215,0.0008737249975978277,1.703678352542704e-05
51400,-2.5,9.649962340486244,67.04250620363541,0.000862939435056639,1.703678352542704e-05
51500,-2.7411373685174567,9.649661170495879,66.21435317787103,0.0008530398623316846,1.7024793737261087e-05
51600,-3.0166507156426405,9.649360014604316,65.39589231447543,0.0008433549015364592,1.7011088551323728e-05
51700,-3.2921554643498325,9.649058872810677,64.58675363274182,0.0008337704812557169,1.699737721459367e-05
51800,-3.567651615041484,9.648757745114082,63.78683999765578,0.0008242856554280368,1.6983659720140526e-05
51900,-3.8431391681201603,9.64845663151365,62.996055192243695,0.000814899485977108,1.696993606102378e-05
52000,-4.118618123988313,9.6481555320085,62.21430390978315,0.0008056110427520474,1.695620623029285e-05
52100,-4.3940884830483355,9.647854446597757,61.44149174607193,0.0007964194034681073,1.6942470220987024e-05
52200,-4.6695502457026805,9.647553375280538,60.67752519175455,0.0007873236536477606,1.6928728026135475e-05
52300,-4.945003412353685,9.647252318055964,59.92231162470761,0.000778322886562184,1.6914979638757245e-05
52400,-5.220447983403801,9.646951274923154,59.175759302481985,0.0007694162031731145,1.6901225051861217e-05
52500,-5.495883959255252,9.64665024588123,58.43777735480231,0.0007606027120750878,1.6887464258446136e-05
52600,-5.771311340310433,9.64634923092931,57.70827577612305,0.0007518815294380571,1.687369725150056e-05
52700,-6.046730126971568,9.646048230066523,56.987165418240984,0.0007432517789503837,1.685992402400289e-05
52800,-6.322140319640994,9.645747243291979,56.274357982963636,0.0007347125917622061,1.6846144568921315e-05
52900,-6.597541918720879,9.645446270604804,55.56976601483319,0.0007262631064291759,1.6832358879213826e-05
53000,-6.872934924613446,9.64514531200412,54.87330289390592,0.0007179024688565695,1.6818566947828213e-05
53100,-7.14831933772092,9.644844367489046,54.18488282858604,0.0007096298322437611,1.6804768767702025e-05
53200,-7.423695158445469,9.644543437058704,53.50442084851441,0.0007014443570290648,1.6790964331762596e-05
53300,-7.699062387189144,9.644242520712215,52.83183279751121,0.0006933452108349403,1.6777153632926993e-05
53400,-7.974421024354115,9.6439416184487,52.167035326572226,0.0006853315684135561,1.6763336664102038e-05
53500,-8.24977107034249,9.643640730267279,51.50994588691914,0.0006774026115927214,1.674951341818428e-05
53600,-8.525112525556267,9.643339856167074,50.86048272310182,0.0006695575292221592,1.6735683888059987e-05
53700,-8.800445390397499,9.643038996147206,50.21856486615462,0.0006617955171201554,1.672184806660515e-05
53800,-9.07576966526824,9.6427381502068,49.5841121268039,0.0006541157780205424,1.670800594668544e-05
53900,-9.351085350570429,9.642437318344971,48.95704508872805,0.0006465175215200446,1.669415752115622e-05
54000,-9.626392446706063,9.642136500560849,48.337285101869405,0.000638999964025973,1.6680302782862553e-05
54100,-9.901690954077026,9.641835696853546,47.72475427579684,0.0006315623287042612,1.6666441724639135e-05
54200,-10.176980873085256,9.641534907222193,47.11937547311969,0.0006242038454278507,1.665257433931034e-05
54300,-10.452262204132637,9.641234131665902,46.52107230295266,0.0006169237507254242,1.663870061969019e-05
54400,-10.727534947621052,9.640933370183804,45.92976911443012,0.0006097212877304693,1.6624820558582327e-05
54500,-11.002799103952327,9.640632622775017,45.345390990271156,0.0006025957061306917,1.6610934148780023e-05
54600,-11.278054673528231,9.640331889438663,44.76786374039383,0.0005955462621177615,1.659704138306618e-05
54700,-11.553301656750591,9.640031170173863,44.19711389557883,0.0005885722183373963,1.658314225421328e-05
54800,-11.828540054021119,9.63973046497974,43.633068701182,0.0005816728438397768,1.656923675498341e-05
54900,-12.103769865741583,9.639429773855417,43.075656110895565,0.0005748474140302965,1.655532487812824e-05
55000,-12.378991092313697,9.639129096800017,42.52480478055765,0.0005680952106206402,1.6541406616389017e-05
55100,-12.654203734139173,9.638828433812659,41.98044406200956,0.0005614155215801893,1.6527481962496547e-05
55200,-12.92940779161961,9.638527784892469,41.44250399700112,0.0005548076410877573,1.6513550909171183e-05
55300,-13.204603265156663,9.638227150038567,40.91091531114252,0.0005482708694836409,1.6499613449122828e-05
55400,-13.479790155151932,9.637926529250075,40.38560940790452,0.00054180451322201,1.6485669575050928e-05
55500,-13.754968462007014,9.63762592252612,39.86651836266355,0.0005354078848235959,1.647171927964443e-05
55600,-14.030138186123509,9.63732532986582,39.35357491679477,0.0005290803028287187,1.6457762555581805e-05
55700,-14.305299327902844,9.6370247512683,38.84671247181044,0.0005228210917506228,1.6443799395531034e-05
55800,-14.58045188774662,9.636724186732682,38.34586508354368,0.0005166295820291222,1.642982979214958e-05
55900,-14.85559586605632,9.63642363625809,37.85096745637852,0.0005105051099845719,1.64158537380844e-05
56000,-15.130731263233372,9.636123099843644,37.36195493752433,0.0005044470177721392,1.640187122597191e-05
56100,-15.405858079679206,9.63582257748847,36.878763511335436,0.0004984546533363923,1.638788224843802e-05
56200,-15.680976315795192,9.63552206919169,36.40132979367496,0.0004925273703661909,1.6373886798098066e-05
56300,-15.956085971982816,9.635221574952428,35.92959102632322,0.00048666452824988994,1.635988486755684e-05
56400,-16.231187048643335,9.634921094769807,35.46348507142961,0.00048086549203083987,1.6345876449408573e-05
56500,-16.506279546178177,9.63462062864295,35.002950406008274,0.0004751296323631955,1.6331861536236923e-05
56600,-16.7813634649886,9.634320176570979,34.54792611647709,0.0004694563254680224,1.631784012061497e-05
56700,-17.056438805475864,9.634019738553018,34.09835189323964,0.0004638449530897051,1.6303812195105194e-05
56800,-17.33150556804125,9.633719314588191,33.65416802530981,0.00045829490245265095,1.628977775225948e-05
56900,-17.606563753085993,9.633418904675624,33.21531539497868,0.00045280556621828724,1.6275736784619103e-05
57000,-17.88161336101129,9.633118508814436,32.781735472523906,0.0004473763424423582,1.6261689284714723e-05
57100,-18.156654392218343,9.632818127003752,32.35337031096035,0.0004420066345325069,1.6247635245066373e-05
57200,-18.431686847108324,9.632517759242699,31.930162540833017,0.0004366958512061568,1.6233574658183437e-05
57300,-18.70671072608232,9.632217405530398,31.5120553650504,0.0004314434064486721,1.621950751656468e-05
57400,-18.981726029541505,9.631917065865972,31.098992553759288,0.00042624871947181096,1.62054338126982e-05
57500,-19.25673275788688,9.631616740248548,30.690918439260265,0.0004211112146724651,1.6191353539061427e-05
57600,-19.53173091151956,9.631316428677248,30.287777910963325,0.0004160303215916788,1.6177266688121125e-05
57700,-19.806720490840547,9.631016131151195,29.889516410383774,0.0004110054748739529,1.6163173252333396e-05
57800,-20.081701496250872,9.630715847669517,29.496079926177988,0.0004060361142268289,1.6149073224143634e-05
57900,-20.356673928151537,9.630415578231336,29.107414989218782,0.0004011216843807528,1.613496659598655e-05
58000,-20.63163778694343,9.630115322835776,28.72346866770974,0.00039626163504921175,1.6120853360286147e-05
58100,-20.90659307302755,9.62981508148196,28.344188562339014,0.0003914554208891523,1.6106733509455715e-05
58200,-21.18153978680479,9.629514854169015,27.969522801471385,0.0003867025014616661,1.6092607035897837e-05
58300,-21.456477928676037,9.629214640896063,27.599420036379467,0.0003820023411929571,1.6078473932004356e-05
58400,-21.731407499042092,9.628914441662234,27.23382943651223,0.00037735440933556695,1.606433419015639e-05
58500,-22.006328498303873,9.628614256466646,26.87270068480221,0.00037275817992988056,1.6050187802724307e-05
58600,-22.281240926862154,9.628314085308427,26.51598397300992,0.0003682131317658918,1.6036034762067723e-05
58700,-22.55614478511771,9.6280139281867,26.163629997105993,0.00036371874834524034,1.6021875060535508e-05
58800,-22.831040073471286,9.627713785100593,25.815589952690313,0.0003592745178435101,1.6007708690465762e-05
58900,-23.105926792323658,9.627413656049228,25.4718155304478,0.00035487993307278733,1.599353564418581e-05
59000,-23.380804942075514,9.627113541031733,25.132258911641365,0.00035053449144448846,1.5979355914012188e-05
59100,-23.655674523127516,9.62681344004723,24.796872763640717,0.0003462376949324384,1.596516949225067e-05
59200,-23.930535535880324,9.626513353094845,24.465610235487528,0.0003419890500362122,1.5950976371196215e-05
59300,-24.2053879807346,9.626213280173705,24.138424953496408,0.0003377880677447322,1.5936776543132986e-05
59400,-24.480231858090946,9.62591322128293,23.81527101689145,0.0003336342635001187,1.5922570000334344e-05
59500,-24.75506716834994,9.625613176421652,23.496102993478257,0.0003295271571617976,1.5908356735062823e-05
59600,-25.029893911912126,9.625313145588994,23.180875915350818,0.0003254662729708547,1.5894136739570154e-05
59700,-25.304712089178054,9.62501312878408,22.869545274633477,0.0003214511395146455,1.5879910006097222e-05
59800,-25.57952170054824,9.624713126006034,22.56206701925739,0.00031748128969165087,1.586567652687409e-05
59900,-25.85432274642315,9.624413137253987,22.258397548771413,0.00031355626067658214,1.5851436294119974e-05
60000,-26.129115227203243,9.62411316252706,21.958493710186964,0.00030967559388573,1.5837189300043246e-05
60100,-26.403899143288953,9.623813201824383,21.662312793856973,0.00030583883494256003,1.5822935536841418e-05
60200,-26.678674495080713,9.623513255145077,21.369812529388216,0.00030204553364354886,1.5808674996701147e-05
60300,-26.953441282978872,9.623213322488272,21.080951081587383,0.0002982952439242663,1.579440767179823e-05
60400,-27.228199507383806,9.622913403853088,20.795687046439873,0.0002945875238256912,1.5780133554297587e-05
60500,-27.502949168695835,9.62261349923866,20.513979447121905,0.00029092193546077165,1.5765852636353257e-05
60600,-27.77769026731528,9.62231360864411,20.23578773004505,0.0002872980449812193,1.5751564910108413e-05
60700,-28.05242280364243,9.62201373206856,19.961071760933265,0.0002837154225445394,1.5737270367695312e-05
60800,-28.327146778077548,9.62171386951114,19.68979182093234,0.0002801736422812978,1.572296900123534e-05
60900,-28.601862191020842,9.621414020970974,19.421908602751056,0.0002766722822626182,1.5708660802838978e-05
61000,-28.876569042872546,9.621114186447196,19.157383206834268,0.0002732109244679118,1.56943457646058e-05
61100,-29.151267334032838,9.620814365938923,18.89617713756743,0.00026978915475283667,1.5680023878624476e-05
61200,-29.425957064901866,9.620514559445283,18.638252299512544,0.00026640656281748696,1.5665695136972754e-05
61300,-29.70063823587978,9.620214766965407,18.383570993675107,0.0002630627421748094,1.565135953171747e-05
61400,-29.97531084736667,9.61991498849842,18.132095913801795,0.0002597572901192423,1.5637017054914534e-05
61500,-30.249974899762663,9.619615224043446,17.883790142709096,0.0002564898076955853,1.562266769860892e-05
61600,-30.52463039346776,9.619315473599615,17.638617148642044,0.00025325989966808665,1.560831145483469e-05
61700,-30.799277328882027,9.619015737166054,17.396540781663273,0.00025006717448975487,1.5593948315614943e-05
61800,-31.073915706405444,9.618716014741887,17.157525270072036,0.0002469112442718904,1.557957827296185e-05
61900,-31.348545526438045,9.618416306326242,16.92153521685301,0.0002437917247538371,1.5565201318876643e-05
62000,-31.623166789379752,9.618116611918246,16.68853559615464,0.00024070823527295087,1.555081744534959e-05
62100,-31.897779495630544,9.61781693151703,16.458491749796686,0.00023766039873478358,1.553642664436001e-05
62200,-32.17238364559029,9.617517265121714,16.231369383807078,0.00023464784158348467,1.5522028907876274e-05
62300,-32.446979239658845,9.617217612731432,16.0071345649875,0.00023167019377241373,1.5507624227855782e-05
62400,-32.72156627823614,9.616917974345306,15.78575371750779,0.0002287270887349679,1.5493212596244973e-05
62500,-32.99614476172198,9.616618349962467,15.567193619528776,0.00022581816335561929,1.5478794004979316e-05
62600,-33.27071469051617,9.61631873958204,15.351421399853315,0.0002229430579411613,1.546436844598332e-05
62700,-33.5452760650185,9.616019143203154,15.138404534605604,0.00022010141619216659,1.5449935911170507e-05
62800,-33.81982888562871,9.615719560824935,14.928110843938068,0.00021729288517464813,1.5435496392443436e-05
62900,-34.094373152746584,9.615419992446514,14.72050848876616,0.0002145171152919297,1.5421049881693672e-05
63000,-34.36890886677179,9.615120438067017,14.515565967530502,0.00021177376025671954,1.540659637080181e-05
63100,-34.64343602810402,9.61482089768557,14.313252112986259,0.0002090624770633871,1.5392135851637453e-05
63200,-34.91795463714294,9.614521371301302,14.113536089019664,0.00020638292596044354,1.5377668316059224e-05
63300,-35.19246469428819,9.61422185891334,13.916387387491298,0.00020373477042322116,1.5363193755914757e-05
63400,-35.46696619993938,9.613922360520816,13.721775825106096,0.0002011176771267541,1.5348712163040693e-05
63500,-35.741459154496084,9.613622876122852,13.529671540309753,0.0001985313159188558,1.533422352926267e-05
63600,-36.01594355835789,9.613323405718582,13.340044990211583,0.0001959753597933973,1.531972784639536e-05
63700,-36.29041941192432,9.61302394930713,13.15286694753306,0.00019344948486377467,1.5305225106242406e-05
63800,-36.56488671559484,9.612724506887629,12.968108497582783,0.0001909533703365801,1.529071530059648e-05
63900,-36.83934546976903,9.612425078459198,12.785741035256525,0.00018848669848545686,1.5276198421239238e-05
64000,-37.11379567484627,9.612125664020974,12.605736262063415,0.00018604915462515633,1.526167445994135e-05
64100,-37.38823733122604,9.611826263572086,12.428066183176837,0.00018364042708577725,1.5247143408462477e-05
64200,-37.6626704393077,9.611526877111658,12.252703104510859,0.00018126020718720067,1.5232605258551285e-05
64300,-37.93709499949074,9.611227504638817,12.079619629821448,0.0001789081892137117,1.521806000194543e-05
64400,-38.21151101217441,9.610928146152698,11.908788657832497,0.0001765840703888095,1.5203507630371574e-05
64500,-38.485918477758105,9.610628801652425,11.740183379386238,0.0001742875508502007,1.5188948135545381e-05
64600,-38.76031739664114,9.610329471137128,11.57377727461828,0.00017201833362498223,1.5174381509171494e-05
64700,-39.03470776922279,9.610030154605935,11.409544110156789,0.00016977612460500634,1.5159807742943578e-05
64800,-39.30908959590232,9.609730852057977,11.247457936345462,0.00016756063252242582,1.5145226828544274e-05
64900,-39.583462877078944,9.609431563492384,11.087493084490752,0.00016537156892542672,1.5130638757645241e-05
65000,-39.8578276131519,9.609132288908283,10.929624164132301,0.0001632086481541347,1.5116043521907124e-05
65100,-40.132183804520366,9.608833028304801,10.773826060337276,0.00016107158731670695,1.5101441112979575e-05
65200,-40.40653145158353,9.60853378168107,10.620073931017696,0.0001589601062655981,1.5086831522501243e-05
65300,-40.680870554740466,9.608234549036219,10.468343204271104,0.0001568739275740055,1.5072214742099781e-05
65400,-40.95520111439038,9.607935330369376,10.318609575744025,0.000154812776512489,1.5057590763391846e-05
65500,-41.22952313093231,9.607636125679674,10.170849006018397,0.00015277638102576688,1.5042959577983102e-05
65600,-41.5038366047653,9.607336934966238,10.025037718020462,0.00015076447170968486,1.5028321177468218e-05
65700,-41.77814153628839,9.6070377582282,9.881152194452222,0.00014877678178835816,1.5013675553430872e-05
65800,-42.05243792590065,9.60673859546469,9.73916917524498,0.00014681304709148317,1.499902269744375e-05
65900,-42.326725774001034,9.606439446674836,9.599065655035327,0.00014487300603182392,1.4984362601068567e-05
66000,-42.60100508098847,9.606140311857768,9.460818880662675,0.00014295639958286237,1.4969695255856032e-05
66100,-42.875275847261946,9.605841191012617,9.324406348688866,0.0001410629712566216,1.495502065334589e-05
66200,-43.149538073220384,9.605542084138513,9.189805802939219,0.00013919246708165333,1.4940338785066892e-05
66300,-43.42379175926263,9.605242991234583,9.056995232065104,0.00013734463558119284,1.4925649642536838e-05
66400,-43.698036905787575,9.60494391229996,8.925952867127755,0.0001355192277514783,1.491095321726253e-05
66500,-43.97227351319407,9.604644847333773,8.79665717920326,0.00013371599704023525,1.4896249500739817e-05
66600,-44.24650158188089,9.604345796335155,8.669086877008402,0.0001319346993253217,1.4881538484453581e-05
66700,-44.52072111224689,9.604046759303232,8.543220904547448,0.00013017509289353806,1.4866820159877743e-05
66800,-44.79493210469076,9.603747736237136,8.419038438779413,0.0001284369384195949,1.4852094518475269e-05
66900,-45.069134559611285,9.603448727135998,8.296518887305966,0.00012671999894524322,1.4837361551698174e-05
67000,-45.3433284774072,9.603149731998945,8.17564188607951,0.00012502403985856095,1.4822621250987521e-05
67100,-45.61751385847711,9.602850750825112,8.05638729713159,0.0001233488288733996,1.4807873607773438e-05
67200,-45.89169070321978,9.60255178361363,7.938735206321167,0.00012169413600898559,1.4793118613475113e-05
67300,-46.16585901203382,9.602252830363623,7.822665921102848,0.00012005973356967836,1.4778356259500797e-05
67400,-46.44001878531782,9.60195389107423,7.708159968314808,0.00011844539612488303,1.4763586537247822e-05
67500,-46.71417002347039,9.601654965744576,7.595198091986234,0.00011685090048911628,1.4748809438102604e-05
67600,-46.98831272689006,9.601356054373793,7.4837612511641955,0.00011527602570222507,1.4734024953440635e-05
67700,-47.26244689597547,9.601057156961016,7.3738306177597925,0.00011372055300975735,1.47192330746265e-05
67800,-47.536572531125074,9.600758273505368,7.265387574413403,0.00011218426584348332,1.4704433793013881e-05
67900,-47.810689632737336,9.600459404005989,7.1584137123788585,0.000110666949802066,1.4689627099945581e-05
68000,-48.08479820121076,9.600160548462002,7.052890829426482,0.0001091683926318811,1.46748129867535e-05
68100,-48.35889823694379,9.599861706872543,6.948800927764727,0.00010768838420798365,1.4659991444758656e-05
68200,-48.63298974033481,9.599562879236744,6.846126211980422,0.0001062267165152227,1.4645162465271204e-05
68300,-48.90707271178226,9.599264065553735,6.744849086997339,0.000104783183629501,1.4630326039590429e-05
68400,-49.181147151684485,9.598965265822644,6.644952156052996,0.00010335758169917926,1.4615482159004759e-05
68500,-49.45521306043983,9.598666480042608,6.546418218693575,0.00010194970892662499,1.4600630814791774e-05
68600,-49.72927043844663,9.598367708212752,6.449230268786805,0.00010055936554990421,1.4585771998218209e-05
68700,-50.003319286103135,9.598068950332214,6.3533714925526485,9.918635382461506e-05,1.4570905700539971e-05
68800,-50.27735960380764,9.59777020640012,6.258825266611618,9.783047800586181e-05,1.4556031913002152e-05
68900,-50.55139139195842,9.597471476415611,6.165575156050623,9.649154433036894e-05,1.4541150626839018e-05
69000,-50.82541465095369,9.59717276037781,6.073604912506411,9.516936099873737e-05,1.4526261833274034e-05
69100,-51.099429381191555,9.596874058285847,5.9828984722659415,9.386373815783384e-05,1.4511365523519874e-05
69200,-51.37343558307032,9.596575370138861,5.893439954384158,9.257448788332219e-05,1.4496461688778437e-05
69300,-51.64743325698802,9.596276695935982,5.80521365881863,9.13014241623286e-05,1.4481550320240826e-05
69400,-51.92142240334283,9.595978035676339,5.718204064581082,9.00443628762434e-05,1.446663140908741e-05
69500,-52.195403022532844,9.59567938935907,5.632395827905617,8.880312178365663e-05,1.4451704946487777e-05
69600,-52.46937511495611,9.595380756983301,5.547773780433625,8.757752050342891e-05,1.4436770923600797e-05
69700,-52.7433386810107,9.595082138548168,5.464322927414987,8.636738049789266e-05,1.4421829331574604e-05
69800,-53.017293721094575,9.594783534052802,5.382028445925836,8.517252505618847e-05,1.4406880161546616e-05
69900,-53.29124023560587,9.594484943496333,5.300875683102267,8.3992779277729e-05,1.4391923404643538e-05
70000,-53.56517822494237,9.5941863668779,5.220850154390391,8.282797005579671e-05,1.4376959051981398e-05
70100,-53.83910768950216,9.593887804196628,5.141937541812087,8.167792606126772e-05,1.4361987094665532e-05
70200,-54.1130286296831,9.593589255451656,5.064123692246734,8.05424777264659e-05,1.4347007523790613e-05
70300,-54.386941045883134,9.593290720642115,4.9873946157286095,7.94214572291447e-05,1.4332020330440659e-05
70400,-54.660844938500105,9.592992199767131,4.9117364837598165,7.831469847659452e-05,1.4317025505689058e-05
70500,-54.93474030793186,9.592693692825847,4.837135627638668,7.722203708987669e-05,1.4302023040598566e-05
70600,-55.20862715457625,9.592395199817387,4.763578536803435,7.614331038818264e-05,1.4287012926221317e-05
70700,-55.482505478831,9.592096720740892,4.691051857191268,7.507835737331704e-05,1.427199515359887e-05
70800,-55.756375281093966,9.591798255595489,4.619542389612144,7.40270187143036e-05,1.4256969713762192e-05
70900,-56.03023656176285,9.591499804380312,4.549037088137914,7.298913673211517e-05,1.4241936597731681e-05
71000,-56.30408932123541,9.591201367094499,4.479523058505996,7.196455538452299e-05,1.4226895796517184e-05
71100,-56.5779335599093,9.590902943737175,4.410987556538017,7.09531202510701e-05,1.4211847301118024e-05
71200,-56.851769278182246,9.590604534307483,4.343417986572765,6.995467851816018e-05,1.419679110252299e-05
71300,-57.12559647645185,9.590306138804545,4.276801899913978,6.896907896427145e-05,1.4181727191710386e-05
71400,-57.399415155115776,9.590007757227506,4.211126993292144,6.799617194528306e-05,1.4166655559648017e-05
71500,-57.673225314571624,9.58970938957549,4.146381107340822,6.70358093799235e-05,1.415157619729323e-05
71600,-57.94702695521693,9.589411035847636,4.082552225086972,6.608784473533372e-05,1.413648909559292e-05
71700,-58.22082007744925,9.589112696043076,4.019628470455321,6.515213301274658e-05,1.4121394245483555e-05
71800,-58.494604681666175,9.588814370160941,3.9575981067866364,6.422853073328137e-05,1.4106291637891174e-05
71900,-58.69170054876079,9.588516058200371,3.8964654980549214,6.329451607368066e-05,1.4095414264183861e-05
72000,-58.887248812602564,9.588217760160495,3.8362193209694158,6.237274503996853e-05,1.408461807779978e-05
72100,-59.08279099299935,9.587919476040447,3.776852751264065,6.14636027237416e-05,1.4073818018347298e-05
72200,-59.278327090235024,9.587621205839364,3.7183537039950476,6.0566926994540945e-05,1.4063014082611956e-05
72300,-59.47385710459341,9.587322949556377,3.6607102498546698,5.968255766371932e-05,1.4052206267376794e-05
72400,-59.669381036358345,9.587024707190622,3.6039106133007146,5.881033646285376e-05,1.4041394569422337e-05
72500,-59.86489888581369,9.58672647874123,3.5479431707067106,5.795010702238029e-05,1.4030578985526592e-05
72600,-60.060410653243224,9.586428264207338,3.492796448532895,5.7101714850448497e-05,1.4019759512465074e-05
72700,-60.255916338930746,9.586130063588083,3.438459121517568,5.626500731199241e-05,1.40089361470108e-05
72800,-60.45141594316004,9.58583187688259,3.3849200108887065,5.543983360801708e-05,1.3998108885934283e-05
72900,-60.64690946621485,9.585533704090006,3.332168082595626,5.4626044755098555e-05,1.3987277726003555e-05
73000,-60.8423969083789,9.585235545209455,3.280192445560448,5.382349356509483e-05,1.3976442663984157e-05
73100,-61.03787826993593,9.584937400240078,3.2289823499491854,5.303203462506612e-05,1.3965603696639146e-05
73200,-61.233353551169586,9.584639269181004,3.1785271854622663,5.225152427740263e-05,1.3954760820729111e-05
73300,-61.42882275236363,9.584341152031373,3.1288164796442133,5.148182060015672e-05,1.394391403301216e-05
73400,-61.62428587380168,9.584043048790317,3.079839896212415,5.072278338757975e-05,1.3933063330243929e-05
73500,-61.819742915767364,9.583744959456972,3.031587233404672,4.997427413085952e-05,1.39222087091776e-05
73600,-62.01519387854438,9.583446884030472,2.984048422345315,4.923615599905662e-05,1.3911350166563891e-05
73700,-62.210638762416266,9.58314882250995,2.9372135254298883,4.850829382024041e-05,1.3900487699151072e-05
73800,-62.40607756766664,9.582850774894546,2.891072734727895,4.779055406281811e-05,1.3889621303684955e-05
73900,-62.60151029457913,9.58255274118339,2.8456163704037376,4.708280481706011e-05,1.38787509769089e-05
74000,-62.7969369434372,9.582254721375621,2.800834879155423,4.6384915776815784e-05,1.3867876715563846e-05
74100,-62.99235751452446,9.581956715470373,2.7567188326709586,4.56967582214199e-05,1.3856998516388286e-05
74200,-63.187772008124426,9.58165872346678,2.7132589261022653,4.5018204997787925e-05,1.3846116376118282e-05
74300,-63.38318042452056,9.581360745363977,2.67044597655637,4.434913050269743e-05,1.3835230291487474e-05
74400,-63.57858276399642,9.581062781161101,2.628270921603699,4.36894106652541e-05,1.382434025922708e-05
74500,-63.773979026835434,9.580764830857289,2.586724817803348,4.3038922929541226e-05,1.3813446276065901e-05
74600,-63.96936921332107,9.580466894451675,2.545798839245124,4.2397546237450665e-05,1.3802548338730334e-05
74700,-64.16475332373676,9.580168971943392,2.505484276108118,4.176516101169241e-05,1.3791646443944368e-05
74800,-64.36013135836589,9.57987106333158,2.4657725332357585,4.114164913898298e-05,1.378074058842959e-05
74900,-64.55550331749188,9.57957316861537,2.4266551287270755,4.0526893953409586e-05,1.3769830768905197e-05
75000,-64.75086920139816,9.579275287793905,2.388123692544018,3.992078021996827e-05,1.3758916982087997e-05
75100,-64.94622901036803,9.578977420866314,2.3501699651347363,3.932319411827593e-05,1.3747999224692413e-05
75200,-65.14158274468488,9.578679567831736,2.312785796072514,3.873402322645205e-05,1.3737077493430488e-05
75300,-65.336930404632,9.578381728689305,2.2759631427103373,3.8153156505170984e-05,1.3726151785011904e-05
75400,-65.53227199049277,9.578083903438161,2.239694068850815,3.7580484281881215e-05,1.3715222096143964e-05
75500,-65.72760750255037,9.577786092077433,2.203970743431414,3.701589823519199e-05,1.3704288423531618e-05
75600,-65.92293694108821,9.577488294606265,2.1687854392246493,3.645929137942258e-05,1.3693350763877458e-05
75700,-66.11826030638949,9.577190511023792,2.134130531553356,3.591055804931709e-05,1.3682409113881727e-05
75800,-66.3135775987374,9.576892741329148,2.0999984970205743,3.536959388491835e-05,1.3671463470242335e-05
75900,-66.50888881841524,9.576594985521467,2.066381912254138,3.483629581660321e-05,1.3660513829654836e-05
76000,-66.70419396570617,9.576297243599893,2.033273452665651,3.431056205027521e-05,1.3649560188812466e-05
76100,-66.89949304089339,9.575999515563554,2.0006658912238104,3.3792292052714746e-05,1.3638602544406136e-05
76200,-67.0947860442601,9.575701801411592,1.9685520972418438,3.3281386537084094e-05,1.3627640893124437e-05
76300,-67.29007297608945,9.575404101143144,1.936925035178948,3.277774744858625e-05,1.361667523165364e-05
76400,-67.48535383666453,9.575106414757341,1.9057777634555602,3.228127795027584e-05,1.3605705556677725e-05
76500,-67.68062862626851,9.574808742253328,1.875103433282363,3.1791882409021416e-05,1.3594731864878356e-05
76600,-67.87589734518443,9.574511083630236,1.8448952875027997,3.130946638161636e-05,1.358375415293492e-05
76700,-68.07115999369546,9.574213438887206,1.8151466594490089,3.0833936601037884e-05,1.3572772417524498e-05
76800,-68.26641657208455,9.57391580802337,1.7858509718110398,3.036520096285271e-05,1.3561786655321911e-05
76900,-68.46166708063487,9.57361819103787,1.7570017355191598,2.9903168511767296e-05,1.3550796862999691e-05
77000,-68.65691151962938,9.573320587929837,1.7285925486391605,2.9447749428321824e-05,1.3539803037228115e-05
77100,-68.8521498893511,9.573022998698418,1.7006170952805169,2.8998855015726693e-05,1.3528805174675184e-05
77200,-69.04738219008303,9.572725423342742,1.6730691445172072,2.855639768683892e-05,1.3517803272006667e-05
77300,-69.24260842210816,9.572427861861948,1.6459425493211384,2.8120290951278676e-05,1.3506797325886065e-05
77400,-69.43782858570944,9.572130314255176,1.6192312455080011,2.7690449402683738e-05,1.3495787332974659e-05
77500,-69.63304268116983,9.57183278052156,1.5929292506954007,2.7266788706100277e-05,1.3484773289931478e-05
77600,-69.82825070877223,9.571535260660243,1.5670306632731636,2.6849225585509098e-05,1.3473755193413348e-05
77700,-70.02345266879954,9.571237754670358,1.5415296613857012,2.643767781148628e-05,1.3462733040074856e-05
77800,-70.21864856153465,9.570940262551042,1.5164205019262351,2.603206418899576e-05,1.3451706826568396e-05
77900,-70.41383838726048,9.570642784301437,1.4916975195428257,2.563230454531372e-05,1.3440676549544145e-05
78000,-70.60902214625983,9.570345319920676,1.467355125656059,2.5238319718083196e-05,1.3429642205650092e-05
78100,-70.80419983881558,9.570047869407901,1.4433878074882316,2.4850031543497107e-05,1.341860379153203e-05
78200,-70.99937146521052,9.569750432762246,1.4197901271039435,2.446736284460892e-05,1.3407561303833588e-05
78300,-71.19453702572744,9.569453009982853,1.3965567204619687,2.4090237419769603e-05,1.3396514739196196e-05
78400,-71.38969652064915,9.569155601068859,1.3736822964782764,2.3718580031189615e-05,1.3385464094259142e-05
78500,-71.58484995025844,9.568858206019401,1.3511616361000767,2.3352316393624502e-05,1.3374409365659542e-05
78600,-71.779997314838,9.568560824833616,1.328989591390798,2.2991373163183395e-05,1.3363350550032372e-05
78700,-71.97513861467061,9.568263457510648,1.3071610846258164,2.2635677926258122e-05,1.3352287644010458e-05
78800,-72.17027385003897,9.56796610404963,1.2856711073989107,2.2285159188573338e-05,1.3341220644224496e-05
78900,-72.36540302122575,9.5676687644497,1.264514719739239,2.1939746364354907e-05,1.3330149547303053e-05
79000,-72.56052612851366,9.56737143871,1.2436870492387664,2.159936976561614e-05,1.3319074349872586e-05
79100,-72.75564317218533,9.567074126829668,1.2231832901900348,2.1263960591560877e-05,1.330799504855744e-05
79200,-72.95075415252347,9.56677682880784,1.2029987027341371,2.0933450918101694e-05,1.329691163997985e-05
79300,-73.14585906981063,9.566479544643654,1.1831286120188012,2.0607773687492488e-05,1.3285824120759966e-05
79400,-73.34095792432944,9.566182274336256,1.1635684073664647,2.02868626980741e-05,1.3274732487515857e-05
79500,-73.53605071636255,9.565885017884778,1.144313541452223,1.9970652594131712e-05,1.326363673686351e-05
79600,-73.73113744619243,9.56558777528836,1.125359529491604,1.9659078855863987e-05,1.3252536865416855e-05
79700,-73.92621811410172,9.565290546546144,1.1067019484379348,1.935207778946064e-05,1.3241432869787748e-05
79800,-74.1212927203729,9.564993331657265,1.0883364361893257,1.9049586517289546e-05,1.3230324746586015e-05
79900,-74.31636126528855,9.564696130620865,1.070258690805106,1.8751542968191385e-05,1.3219212492419422e-05
80000,-74.51142374913113,9.56439894343608,1.0524644697315866,1.845788586788023e-05,1.3208096103893723e-05
